{"cameraMode":{"drawMode":0,"name":"Shaded","section":"Shading Mode"},"sceneLighting":true,"audioPlay":false,"sceneViewState":{"showFog":true,"showMaterialUpdate":false,"showSkybox":true,"showFlares":true,"showImageEffects":true,"showParticleSystems":true},"in2DMode":false,"pivot":{"x":-2.6926093101501467,"y":-16.54752540588379,"z":26.148948669433595},"rotation":{"x":-0.4124791920185089,"y":0.028687801212072374,"z":-0.012997413985431195,"w":-0.9104224443435669},"size":53.54058074951172,"orthographic":false}