{"cameraMode":{"drawMode":0,"name":"Shaded","section":"Shading Mode"},"sceneLighting":false,"audioPlay":false,"sceneViewState":{"showFog":true,"showMaterialUpdate":false,"showSkybox":false,"showFlares":true,"showImageEffects":true,"showParticleSystems":true},"in2DMode":false,"pivot":{"x":-19.04819107055664,"y":1.3240156173706055,"z":15.30711555480957},"rotation":{"x":-0.5507164001464844,"y":0.41077879071235659,"z":-0.3576740324497223,"w":-0.6324884295463562},"size":20.46396255493164,"orthographic":false}