{"cameraMode":{"drawMode":0,"name":"Shaded","section":"Shading Mode"},"sceneLighting":false,"audioPlay":false,"sceneViewState":{"showFog":true,"showMaterialUpdate":true,"showSkybox":true,"showFlares":true,"showImageEffects":true,"showParticleSystems":true},"in2DMode":false,"pivot":{"x":-1.17470383644104,"y":3.015697956085205,"z":4.27131462097168},"rotation":{"x":0.0958249419927597,"y":-0.02388724312186241,"z":0.0023002743255347015,"w":0.9951089024543762},"size":25.92674446105957,"orthographic":false}