{"cameraMode":{"drawMode":0,"name":"Shaded","section":"Shading Mode"},"sceneLighting":false,"audioPlay":false,"sceneViewState":{"showFog":true,"showMaterialUpdate":false,"showSkybox":false,"showFlares":true,"showImageEffects":true,"showParticleSystems":true},"in2DMode":false,"pivot":{"x":13.208906173706055,"y":1.3232452869415284,"z":3.981264591217041},"rotation":{"x":0.016382072120904924,"y":0.6955920457839966,"z":-0.0158690195530653,"w":0.7180749177932739},"size":19.386804580688478,"orthographic":false}