{"cameraMode":{"drawMode":0,"name":"Shaded","section":"Shading Mode"},"sceneLighting":true,"audioPlay":false,"sceneViewState":{"showFog":true,"showMaterialUpdate":false,"showSkybox":true,"showFlares":true,"showImageEffects":true,"showParticleSystems":true},"in2DMode":false,"pivot":{"x":-6.355573654174805,"y":-4.568258285522461,"z":58.52294921875},"rotation":{"x":0.0422864593565464,"y":-0.022482093423604966,"z":0.0009518574806861579,"w":0.9988521337509155},"size":131.8152313232422,"orthographic":false}