{"cameraMode":{"drawMode":0,"name":"Shaded","section":"Shading Mode"},"sceneLighting":false,"audioPlay":false,"sceneViewState":{"showFog":true,"showMaterialUpdate":true,"showSkybox":true,"showFlares":true,"showImageEffects":true,"showParticleSystems":true},"in2DMode":false,"pivot":{"x":-0.09000003337860108,"y":0.5,"z":-0.19499993324279786},"rotation":{"x":0.16901613771915437,"y":-0.48652470111846926,"z":0.09654662013053894,"w":0.8517077565193176},"size":9.601699829101563,"orthographic":true}